"property_id","date","occupancy"
"1","2020-09-12","1.0"
"1","2020-09-23","1.0"
"10","2020-09-12","0.94"
"10","2020-09-23","0.94"
"1000","2020-09-24","0.96"
"1001","2020-09-24","0.97"
"1002","2020-09-24","0.93"
"10028891","2020-09-23","0.88"
"1003","2020-09-24","0.99"
"1004","2020-09-24","0.99"
"1005","2020-09-24","0.97"
"10050855","2020-09-20","0.99"
"10050855","2020-09-23","0.99"
"1006","2020-09-24","0.96"
"1007","2020-09-24","0.95"
"1009","2020-09-24","0.99"
"101","2020-09-12","0.9"
"101","2020-09-23","0.9"
"1010","2020-09-24","0.96"
"1011","2020-09-24","0.89"
"1012","2020-09-24","0.98"
"1013","2020-09-24","0.59"
"1014","2020-09-24","0.98"
"1016","2020-09-24","0.93"
"1017","2020-09-24","0.95"
"1018","2020-09-24","0.96"
"1019","2020-09-24","0.95"
"1020","2020-09-24","0.85"
"1021","2020-09-24","0.98"
"1022","2020-09-24","0.93"
"1023","2020-09-24","0.99"
"1024","2020-09-24","0.94"
"1026","2020-09-24","0.96"
"1027","2020-09-24","0.97"
"1028","2020-09-24","1.0"
"1029","2020-09-24","1.0"
"1030","2020-09-24","0.96"
"1031","2020-09-24","0.95"
"1032","2020-09-24","0.95"
"1034","2020-09-24","0.96"
"1037","2020-09-24","0.97"
"1038","2020-09-24","0.97"
"1039","2020-09-24","0.95"
"1040","2020-09-24","0.96"
"1041","2020-09-24","0.96"
"1042","2020-09-24","0.94"
"1043","2020-09-24","0.93"
"1044","2020-09-24","0.99"
"1045","2020-09-24","0.95"
"1047","2020-09-24","0.97"
"1048","2020-09-24","0.97"
"1049","2020-09-24","0.95"
"105","2020-09-12","0.97"
"105","2020-09-23","0.97"
"1050","2020-09-24","0.97"
"1051","2020-09-24","0.92"
"1052","2020-09-24","0.96"
"1053","2020-09-24","1.0"
"1055","2020-09-24","0.75"
"1056","2020-09-24","0.99"
"1057","2020-09-24","0.94"
"1058","2020-09-24","0.98"
"1059","2020-09-24","0.97"
"106","2020-09-12","1.0"
"106","2020-09-23","1.0"
"1060","2020-09-24","0.95"
"1062","2020-09-24","0.91"
"1063","2020-09-24","0.99"
"1064","2020-09-24","0.97"
"1065","2020-09-24","0.94"
"1066","2020-09-24","1.0"
"1068","2020-09-24","1.0"
"1069","2020-09-24","0.98"
"107","2020-09-12","0.97"
"107","2020-09-23","0.97"
"1070","2020-09-24","0.96"
"1071","2020-09-24","0.95"
"1072","2020-09-24","0.95"
"1073","2020-09-24","1.0"
"1074","2020-09-24","0.96"
"1075","2020-09-24","0.94"
"1076","2020-09-24","0.91"
"1077","2020-09-24","0.92"
"1078","2020-09-24","0.98"
"1079","2020-09-24","0.97"
"1080","2020-09-24","0.95"
"1081","2020-09-24","0.99"
"1082","2020-09-24","0.95"
"1083","2020-09-24","0.88"
"1084","2020-09-24","0.98"
"1085","2020-09-24","1.0"
"1086","2020-09-24","0.96"
"1087","2020-09-24","0.97"
"1088","2020-09-24","0.95"
"1089","2020-09-24","0.92"
"1090","2020-09-24","0.99"
"1091","2020-09-24","1.0"
"1092","2020-09-24","0.93"
"1093","2020-09-24","0.97"
"1094","2020-09-24","0.95"
"1095","2020-09-24","0.95"
"1096","2020-09-24","0.97"
"1097","2020-09-24","0.95"
"1098","2020-09-24","0.97"
"1099","2020-09-24","0.94"
"11","2020-09-12","1.0"
"11","2020-09-23","1.0"
"110","2020-09-12","0.95"
"110","2020-09-23","0.95"
"1100","2020-09-24","0.95"
"1101","2020-09-24","0.97"
"1102","2020-09-24","0.95"
"1103","2020-09-24","1.0"
"1104","2020-09-24","1.0"
"1106","2020-09-24","0.95"
"1107","2020-09-24","0.92"
"1109","2020-09-24","0.95"
"111","2020-09-12","0.94"
"111","2020-09-23","0.94"
"1110","2020-09-24","0.99"
"1111","2020-09-24","0.95"
"1112","2020-09-24","0.99"
"1113","2020-09-24","0.93"
"1114","2020-09-24","0.97"
"1115","2020-09-24","0.91"
"1116","2020-09-24","0.98"
"1117","2020-09-24","0.99"
"1118","2020-09-24","1.0"
"1120","2020-09-24","0.96"
"1121","2020-09-24","0.95"
"1122","2020-09-24","0.98"
"1123","2020-09-24","0.96"
"1125","2020-09-24","0.94"
"1126","2020-09-24","0.96"
"1127","2020-09-24","1.0"
"1128","2020-09-24","0.95"
"1131","2020-09-24","0.96"
"1132","2020-09-24","1.0"
"1133","2020-09-24","0.96"
"1134","2020-09-24","0.95"
"1135","2020-09-24","0.97"
"1136","2020-09-24","0.9"
"114","2020-09-12","0.94"
"114","2020-09-23","0.94"
"1140","2020-09-24","0.98"
"1141","2020-09-24","0.99"
"1142","2020-09-24","0.98"
"1143","2020-09-24","0.98"
"1144","2020-09-24","0.97"
"1145","2020-09-24","0.97"
"1146","2020-09-24","0.97"
"1147","2020-09-24","0.95"
"1148","2020-09-24","0.96"
"1149","2020-09-24","0.96"
"1151","2020-09-24","0.95"
"1154","2020-09-24","0.98"
"1155","2020-09-24","0.95"
"1156","2020-09-24","0.96"
"1157","2020-09-24","0.99"
"1159","2020-09-24","0.95"
"116","2020-09-12","0.99"
"1160","2020-09-24","0.98"
"1161","2020-09-24","0.96"
"1162","2020-09-24","0.98"
"1163","2020-09-24","0.99"
"1164","2020-09-24","0.95"
"1165","2020-09-24","0.98"
"1166","2020-09-24","0.9"
"1167","2020-09-24","1.0"
"1168","2020-09-24","0.99"
"1169","2020-09-24","0.96"
"117","2020-09-12","0.99"
"1170","2020-09-24","0.98"
"1171","2020-09-24","0.89"
"1172","2020-09-24","0.94"
"1173","2020-09-24","0.91"
"1175","2020-09-24","0.97"
"1176","2020-09-24","0.97"
"1177","2020-09-24","0.99"
"1178","2020-09-24","1.0"
"1179","2020-09-24","0.98"
"1180","2020-09-24","0.97"
"1182","2020-09-24","0.92"
"1183","2020-09-24","0.96"
"1184","2020-09-24","0.98"
"1185","2020-09-24","0.99"
"1186","2020-09-24","1.0"
"1187","2020-09-24","0.97"
"1188","2020-09-24","0.99"
"1189","2020-09-24","0.96"
"119","2020-09-12","0.77"
"1190","2020-09-24","0.95"
"1191","2020-09-24","1.0"
"1192","2020-09-24","1.0"
"1193","2020-09-24","0.98"
"1194","2020-09-24","0.95"
"1195","2020-09-24","0.94"
"1196","2020-09-24","0.97"
"1197","2020-09-24","0.97"
"1198","2020-09-24","0.96"
"1199","2020-09-24","0.98"
"12","2020-09-12","0.94"
"12","2020-09-23","0.94"
"120","2020-09-12","0.9"
"1200","2020-09-24","0.94"
"1201","2020-09-24","0.94"
"1202","2020-09-24","1.0"
"1203","2020-09-24","0.99"
"1204","2020-09-24","0.98"
"1205","2020-09-24","0.98"
"1206","2020-09-24","0.95"
"1207","2020-09-24","0.97"
"1208","2020-09-24","0.97"
"1209","2020-09-24","0.95"
"121","2020-09-12","0.59"
"1210","2020-09-24","0.89"
"1211","2020-09-24","1.0"
"1212","2020-09-24","0.91"
"1213","2020-09-24","0.96"
"1215","2020-09-24","0.95"
"1216","2020-09-24","0.97"
"1217","2020-09-24","0.96"
"1218","2020-09-24","0.96"
"1219","2020-09-24","0.95"
"1220","2020-09-24","0.99"
"1221","2020-09-24","0.99"
"1222","2020-09-24","0.93"
"1223","2020-09-24","0.91"
"1224","2020-09-24","0.94"
"1226","2020-09-24","0.97"
"1227","2020-09-24","0.98"
"1228","2020-09-24","0.95"
"1229","2020-09-24","0.99"
"123","2020-09-12","0.58"
"123","2020-09-23","0.58"
"1231","2020-09-24","0.94"
"1232","2020-09-24","0.94"
"1233","2020-09-24","0.96"
"1234","2020-09-24","0.95"
"1235","2020-09-24","0.96"
"1237","2020-09-24","0.96"
"124","2020-09-12","1.0"
"124","2020-09-23","1.0"
"1240","2020-09-24","1.0"
"1241","2020-09-24","0.96"
"1242","2020-09-24","1.0"
"1243","2020-09-24","0.96"
"1246","2020-09-24","0.96"
"1247","2020-09-24","1.0"
"1248","2020-09-24","0.97"
"1249","2020-09-24","0.98"
"1250","2020-09-24","0.99"
"1251","2020-09-24","0.98"
"1252","2020-09-24","0.97"
"1253","2020-09-24","0.97"
"1254","2020-09-24","0.96"
"1255","2020-09-24","0.95"
"1256","2020-09-24","0.95"
"1257","2020-09-24","0.96"
"1258","2020-09-24","1.0"
"1259","2020-09-24","0.97"
"1260","2020-09-24","0.93"
"1261","2020-09-24","0.86"
"1262","2020-09-24","0.96"
"1264","2020-09-24","0.99"
"1265","2020-09-24","0.9"
"1267","2020-09-24","0.93"
"1268","2020-09-24","0.93"
"1269","2020-09-24","0.94"
"127","2020-09-12","0.56"
"127","2020-09-23","0.56"
"1270","2020-09-24","0.98"
"1271","2020-09-24","0.96"
"1272","2020-09-24","0.94"
"1273","2020-09-24","0.98"
"1274","2020-09-24","0.94"
"1275","2020-09-24","0.92"
"1277","2020-09-24","0.9"
"1279","2020-09-24","0.94"
"1280","2020-09-24","0.95"
"1281","2020-09-24","0.95"
"1284","2020-09-24","0.95"
"1286","2020-09-24","0.95"
"1287","2020-09-24","0.89"
"1289","2020-09-24","0.99"
"129","2020-09-12","1.0"
"129","2020-09-23","1.0"
"1290","2020-09-24","0.92"
"1293","2020-09-24","0.93"
"1294","2020-09-24","0.93"
"1295","2020-09-24","0.93"
"1296","2020-09-24","0.93"
"1298","2020-09-24","1.0"
"1299","2020-09-24","0.95"
"13","2020-09-12","0.92"
"13","2020-09-23","0.92"
"130","2020-09-12","1.0"
"130","2020-09-23","1.0"
"1301","2020-09-24","0.92"
"1302","2020-09-24","0.94"
"1303","2020-09-24","1.0"
"1304","2020-09-24","0.93"
"1305","2020-09-24","0.94"
"1306","2020-09-24","0.95"
"1307","2020-09-24","0.95"
"1309","2020-09-24","0.93"
"131","2020-09-12","1.0"
"131","2020-09-23","1.0"
"1310","2020-09-24","0.96"
"1311","2020-09-24","0.91"
"1312","2020-09-24","0.95"
"1313","2020-09-24","0.94"
"1314","2020-09-24","0.96"
"1315","2020-09-24","0.88"
"1316","2020-09-24","0.95"
"1317","2020-09-24","0.97"
"1318","2020-09-24","0.95"
"1319","2020-09-24","0.9"
"132","2020-09-12","0.99"
"132","2020-09-23","0.99"
"1320","2020-09-24","0.92"
"1321","2020-09-24","0.95"
"1322","2020-09-24","0.95"
"1323","2020-09-24","0.98"
"1324","2020-09-24","0.96"
"1325","2020-09-24","0.99"
"1326","2020-09-24","0.93"
"1327","2020-09-24","1.0"
"1328","2020-09-24","0.93"
"1329","2020-09-24","0.97"
"133","2020-09-12","1.0"
"133","2020-09-23","1.0"
"1330","2020-09-24","0.97"
"1332","2020-09-24","1.0"
"1333","2020-09-24","0.96"
"1334","2020-09-24","0.92"
"1335","2020-09-24","0.99"
"1336","2020-09-24","1.0"
"1337","2020-09-24","0.4"
"1338","2020-09-24","0.99"
"1339","2020-09-24","1.0"
"134","2020-09-12","0.9"
"134","2020-09-23","0.9"
"1340","2020-09-24","0.97"
"1342","2020-09-24","0.99"
"1343","2020-09-24","0.9"
"1344","2020-09-24","1.0"
"1345","2020-09-24","0.99"
"1346","2020-09-24","0.98"
"1347","2020-09-24","0.99"
"1349","2020-09-24","0.95"
"135","2020-09-12","0.95"
"135","2020-09-23","0.95"
"1350","2020-09-24","1.0"
"1351","2020-09-24","0.97"
"1352","2020-09-24","0.86"
"1353","2020-09-24","0.95"
"1354","2020-09-24","1.0"
"1355","2020-09-24","1.0"
"1356","2020-09-24","1.0"
"1357","2020-09-24","0.98"
"1358","2020-09-24","0.97"
"1359","2020-09-24","0.97"
"1360","2020-09-24","0.99"
"1361","2020-09-24","0.97"
"1362","2020-09-24","0.95"
"1363","2020-09-24","1.0"
"1364","2020-09-24","1.0"
"1365","2020-09-24","0.99"
"1366","2020-09-24","1.0"
"1367","2020-09-24","0.93"
"1368","2020-09-24","0.9"
"1369","2020-09-24","0.91"
"137","2020-09-12","0.96"
"137","2020-09-23","0.96"
"1370","2020-09-24","0.95"
"1371","2020-09-24","0.98"
"1372","2020-09-24","1.0"
"1373","2020-09-24","0.97"
"1374","2020-09-24","1.0"
"1375","2020-09-24","0.98"
"13757","2020-09-20","0.98"
"13757","2020-09-23","0.98"
"1376","2020-09-24","1.0"
"1377","2020-09-24","1.0"
"1378","2020-09-24","1.0"
"1379","2020-09-24","1.0"
"1380","2020-09-24","0.95"
"1381","2020-09-24","0.92"
"1382","2020-09-24","1.0"
"1383","2020-09-24","1.0"
"1384","2020-09-24","0.99"
"13841","2020-09-23","0.81"
"1388","2020-09-24","0.99"
"139","2020-09-12","0.95"
"139","2020-09-23","0.95"
"1391","2020-09-24","0.98"
"1392","2020-09-24","1.0"
"1393","2020-09-24","0.98"
"1395","2020-09-24","0.8"
"1396","2020-09-24","0.95"
"1397","2020-09-24","0.99"
"1398","2020-09-24","0.95"
"1399","2020-09-24","1.0"
"14","2020-09-12","0.93"
"14","2020-09-23","0.93"
"1401","2020-09-24","0.99"
"1402","2020-09-24","0.98"
"1403","2020-09-24","0.96"
"1404","2020-09-24","0.99"
"1405","2020-09-24","0.97"
"1406","2020-09-24","0.99"
"1407","2020-09-24","0.99"
"1408","2020-09-24","0.98"
"1409","2020-09-24","0.99"
"1410","2020-09-24","0.99"
"1411","2020-09-24","0.98"
"1412","2020-09-24","0.98"
"1413","2020-09-24","0.98"
"1414","2020-09-24","0.98"
"1415","2020-09-24","0.99"
"1416","2020-09-24","0.98"
"1417","2020-09-24","0.99"
"1418","2020-09-24","0.98"
"142","2020-09-12","0.9"
"142","2020-09-23","0.9"
"1420","2020-09-24","0.98"
"1421","2020-09-24","1.0"
"1424","2020-09-24","0.99"
"1425","2020-09-24","0.99"
"1426","2020-09-24","0.99"
"1427","2020-09-24","0.97"
"1428","2020-09-24","0.98"
"143","2020-09-12","0.94"
"143","2020-09-23","0.94"
"1430","2020-09-24","0.98"
"1431","2020-09-24","0.98"
"1432","2020-09-24","0.99"
"1433","2020-09-24","0.97"
"1434","2020-09-24","0.92"
"1435","2020-09-24","0.95"
"1436","2020-09-24","0.96"
"1437","2020-09-24","0.95"
"1438","2020-09-24","0.99"
"1439","2020-09-24","0.96"
"144","2020-09-12","0.97"
"144","2020-09-23","0.97"
"1440","2020-09-24","0.92"
"1441","2020-09-24","1.0"
"1442","2020-09-24","0.96"
"1443","2020-09-24","0.96"
"1444","2020-09-24","0.99"
"1445","2020-09-24","1.0"
"1446","2020-09-24","0.99"
"1447","2020-09-24","0.97"
"1448","2020-09-24","0.98"
"1449","2020-09-24","0.97"
"145","2020-09-12","0.94"
"145","2020-09-23","0.94"
"1450","2020-09-24","0.91"
"1451","2020-09-24","0.94"
"1452","2020-09-24","0.97"
"1453","2020-09-24","1.0"
"1454","2020-09-24","0.98"
"1455","2020-09-24","0.99"
"1456","2020-09-24","0.92"
"1457","2020-09-24","1.0"
"1458","2020-09-24","0.96"
"1459","2020-09-24","0.98"
"146","2020-09-12","0.89"
"146","2020-09-23","0.89"
"1460","2020-09-24","0.98"
"1461","2020-09-24","0.75"
"1462","2020-09-24","0.96"
"1463","2020-09-24","0.98"
"1464","2020-09-24","0.91"
"1465","2020-09-24","0.95"
"1466","2020-09-24","0.98"
"1467","2020-09-24","0.97"
"1468","2020-09-24","0.96"
"14683","2020-09-20","0.97"
"14683","2020-09-23","0.97"
"1469","2020-09-24","0.97"
"147","2020-09-12","0.98"
"147","2020-09-23","0.98"
"1470","2020-09-24","0.97"
"1471","2020-09-24","0.96"
"1472","2020-09-24","0.98"
"1473","2020-09-24","1.0"
"1474","2020-09-24","1.0"
"1475","2020-09-24","0.95"
"1476","2020-09-24","0.99"
"1477","2020-09-24","0.98"
"1478","2020-09-24","0.92"
"1479","2020-09-24","0.94"
"148","2020-09-12","0.96"
"148","2020-09-23","0.96"
"1480","2020-09-24","0.96"
"1481","2020-09-24","0.95"
"1484","2020-09-24","0.93"
"1485","2020-09-24","0.97"
"1486","2020-09-24","1.0"
"1487","2020-09-24","0.96"
"1488","2020-09-24","1.0"
"1489","2020-09-24","1.0"
"149","2020-09-12","0.9"
"149","2020-09-23","0.9"
"1490","2020-09-24","0.99"
"1491","2020-09-24","0.95"
"1492","2020-09-24","0.98"
"1493","2020-09-24","0.6"
"1494","2020-09-24","0.97"
"1495","2020-09-24","0.95"
"1496","2020-09-24","0.95"
"1497","2020-09-24","0.96"
"1498","2020-09-24","0.93"
"1499","2020-09-24","0.97"
"15","2020-09-12","0.78"
"15","2020-09-23","0.78"
"150","2020-09-12","0.95"
"150","2020-09-23","0.95"
"1502","2020-09-24","0.99"
"1505","2020-09-24","0.99"
"1506","2020-09-24","0.99"
"1507","2020-09-24","0.94"
"1508","2020-09-24","0.98"
"1509","2020-09-24","0.94"
"151","2020-09-12","0.99"
"151","2020-09-23","0.99"
"1510","2020-09-24","0.96"
"1511","2020-09-24","0.98"
"1512","2020-09-24","0.98"
"1513","2020-09-24","0.94"
"1514","2020-09-24","0.93"
"1515","2020-09-24","0.52"
"1516","2020-09-24","0.96"
"1519","2020-09-24","0.97"
"152","2020-09-12","0.95"
"152","2020-09-23","0.95"
"1520","2020-09-24","0.92"
"1521","2020-09-24","0.96"
"1522","2020-09-24","0.97"
"1524","2020-09-24","0.97"
"1525","2020-09-24","0.97"
"1526","2020-09-24","1.0"
"1527","2020-09-24","0.95"
"1528","2020-09-24","0.99"
"1529","2020-09-24","0.94"
"153","2020-09-12","0.96"
"153","2020-09-23","0.96"
"1530","2020-09-24","0.97"
"1531","2020-09-24","0.98"
"1532","2020-09-24","0.88"
"1535","2020-09-24","0.95"
"1536","2020-09-24","0.95"
"1537","2020-09-24","0.95"
"1538","2020-09-24","0.98"
"1539","2020-09-24","0.93"
"154","2020-09-12","0.97"
"154","2020-09-23","0.97"
"1540","2020-09-24","1.0"
"1541","2020-09-24","0.97"
"1542","2020-09-24","0.93"
"1549","2020-09-24","0.99"
"155","2020-09-12","0.99"
"155","2020-09-23","0.99"
"1550","2020-09-24","0.46"
"1551","2020-09-24","0.9"
"1552","2020-09-24","0.98"
"1553","2020-09-24","0.97"
"1554","2020-09-24","0.94"
"1555","2020-09-24","0.97"
"1556","2020-09-24","0.97"
"1557","2020-09-24","0.99"
"1558","2020-09-24","0.96"
"1559","2020-09-24","0.99"
"156","2020-09-12","0.92"
"156","2020-09-23","0.92"
"1560","2020-09-24","0.94"
"1561","2020-09-24","0.95"
"1563","2020-09-24","1.0"
"1564","2020-09-24","0.92"
"1565","2020-09-24","0.98"
"1566","2020-09-24","0.95"
"1567","2020-09-24","0.92"
"1569","2020-09-24","0.95"
"1570","2020-09-24","0.93"
"1571","2020-09-24","0.99"
"1572","2020-09-24","0.96"
"1573","2020-09-24","0.89"
"1574","2020-09-24","1.0"
"1575","2020-09-24","0.98"
"1576","2020-09-24","0.99"
"1577","2020-09-24","0.96"
"1578","2020-09-24","0.96"
"1579","2020-09-24","0.95"
"158","2020-09-12","0.98"
"158","2020-09-23","0.98"
"1580","2020-09-24","1.0"
"1582","2020-09-24","0.99"
"1583","2020-09-24","0.92"
"1585","2020-09-24","0.93"
"1588","2020-09-24","0.96"
"1589","2020-09-24","1.0"
"159","2020-09-12","1.0"
"159","2020-09-23","1.0"
"1590","2020-09-24","0.96"
"1591","2020-09-24","0.98"
"1592","2020-09-24","0.95"
"1593","2020-09-24","0.91"
"1594","2020-09-24","0.94"
"1595","2020-09-24","0.97"
"1596","2020-09-24","0.96"
"1597","2020-09-24","0.98"
"1598","2020-09-24","0.97"
"1599","2020-09-24","0.98"
"16","2020-09-12","0.97"
"16","2020-09-23","0.97"
"160","2020-09-12","0.87"
"160","2020-09-23","0.87"
"1600","2020-09-24","0.97"
"1601","2020-09-24","0.93"
"1602","2020-09-24","0.94"
"1604","2020-09-24","0.83"
"1605","2020-09-24","0.97"
"1607","2020-09-24","0.93"
"1608","2020-09-24","0.95"
"1609","2020-09-24","1.0"
"161","2020-09-12","0.97"
"161","2020-09-23","0.97"
"1611","2020-09-24","0.93"
"1612","2020-09-24","0.97"
"1613","2020-09-24","0.96"
"1614","2020-09-24","0.94"
"1615","2020-09-24","0.95"
"1616","2020-09-24","0.94"
"1617","2020-09-24","0.98"
"1618","2020-09-24","0.98"
"1619","2020-09-24","0.95"
"162","2020-09-12","0.96"
"162","2020-09-23","0.96"
"1621","2020-09-24","0.96"
"1622","2020-09-24","0.99"
"1623","2020-09-24","0.82"
"1624","2020-09-24","0.95"
"1625","2020-09-24","0.97"
"1628","2020-09-24","1.0"
"1629","2020-09-24","1.0"
"163","2020-09-12","1.0"
"163","2020-09-23","1.0"
"1630","2020-09-24","0.9"
"1631","2020-09-24","0.97"
"1632","2020-09-24","0.96"
"1633","2020-09-24","0.94"
"1634","2020-09-24","0.91"
"1635","2020-09-24","0.97"
"1636","2020-09-24","0.98"
"1637","2020-09-24","0.99"
"1638","2020-09-24","0.98"
"1639","2020-09-24","0.94"
"164","2020-09-12","0.99"
"164","2020-09-23","0.99"
"1640","2020-09-24","0.99"
"1642","2020-09-24","0.99"
"1644","2020-09-24","0.95"
"1645","2020-09-24","0.92"
"1647","2020-09-24","0.94"
"1648","2020-09-24","0.93"
"1649","2020-09-24","0.97"
"165","2020-09-12","0.99"
"165","2020-09-23","0.99"
"1650","2020-09-24","0.97"
"1651","2020-09-24","0.97"
"1652","2020-09-24","0.96"
"1653","2020-09-24","0.97"
"1654","2020-09-24","0.83"
"1655","2020-09-24","0.95"
"1656","2020-09-24","0.93"
"1657","2020-09-24","0.97"
"1659","2020-09-24","0.92"
"166","2020-09-12","0.94"
"166","2020-09-23","0.94"
"1660","2020-09-24","0.97"
"1662","2020-09-24","0.97"
"1663","2020-09-24","0.96"
"16637","2020-09-23","0.95"
"1664","2020-09-24","0.95"
"1665","2020-09-24","0.98"
"1666","2020-09-24","0.94"
"1667","2020-09-24","0.99"
"1668","2020-09-24","0.96"
"1669","2020-09-24","0.96"
"167","2020-09-12","0.97"
"167","2020-09-23","0.97"
"1670","2020-09-24","0.96"
"1672","2020-09-24","0.98"
"1674","2020-09-24","0.98"
"1675","2020-09-24","0.93"
"1676","2020-09-24","0.98"
"1677","2020-09-24","0.92"
"1678","2020-09-24","0.95"
"1679","2020-09-24","1.0"
"1680","2020-09-24","0.99"
"1681","2020-09-24","1.0"
"1682","2020-09-24","1.0"
"1683","2020-09-24","0.96"
"1684","2020-09-24","0.96"
"1685","2020-09-24","0.97"
"1686","2020-09-24","0.95"
"1687","2020-09-24","0.98"
"1688","2020-09-24","0.94"
"1689","2020-09-24","0.97"
"169","2020-09-12","0.9"
"169","2020-09-23","0.9"
"1691","2020-09-24","0.97"
"1692","2020-09-24","0.77"
"1693","2020-09-24","0.98"
"1694","2020-09-24","0.99"
"1695","2020-09-24","0.95"
"1696","2020-09-24","0.97"
"1697","2020-09-24","0.94"
"1698","2020-09-24","0.99"
"1699","2020-09-24","1.0"
"17","2020-09-12","0.96"
"17","2020-09-23","0.96"
"170","2020-09-12","0.99"
"170","2020-09-23","0.99"
"1700","2020-09-24","0.96"
"1701","2020-09-24","0.97"
"1702","2020-09-24","0.92"
"1703","2020-09-24","0.95"
"1704","2020-09-24","0.97"
"1706","2020-09-24","0.99"
"1707","2020-09-24","0.93"
"1709","2020-09-24","1.0"
"171","2020-09-12","0.86"
"171","2020-09-23","0.86"
"1710","2020-09-24","0.97"
"1712","2020-09-24","0.98"
"1713","2020-09-24","0.96"
"1715","2020-09-24","0.67"
"1716","2020-09-24","0.97"
"1717","2020-09-24","1.0"
"1718","2020-09-24","0.94"
"1719","2020-09-24","1.0"
"172","2020-09-12","0.9"
"172","2020-09-23","0.9"
"1720","2020-09-24","0.97"
"1721","2020-09-24","0.99"
"1722","2020-09-24","0.97"
"1723","2020-09-24","0.99"
"1726","2020-09-24","0.95"
"173","2020-09-12","0.98"
"173","2020-09-23","0.98"
"174","2020-09-12","0.89"
"174","2020-09-23","0.89"
"175","2020-09-12","0.98"
"175","2020-09-23","0.98"
"1755","2020-09-24","0.96"
"1758","2020-09-24","0.97"
"176","2020-09-12","0.98"
"176","2020-09-23","0.98"
"177","2020-09-12","0.92"
"177","2020-09-23","0.92"
"1777","2020-09-24","0.96"
"1778","2020-09-24","0.99"
"178","2020-09-12","0.96"
"178","2020-09-23","0.96"
"179","2020-09-12","0.95"
"179","2020-09-23","0.95"
"18","2020-09-12","0.99"
"18","2020-09-23","0.99"
"180","2020-09-12","0.97"
"180","2020-09-23","0.97"
"1806","2020-09-24","0.96"
"181","2020-09-12","1.0"
"181","2020-09-23","1.0"
"1812","2020-09-24","0.94"
"1815","2020-09-24","0.8"
"182","2020-09-12","0.99"
"182","2020-09-23","0.99"
"1828","2020-09-24","0.98"
"183","2020-09-12","0.95"
"183","2020-09-23","0.95"
"1836","2020-09-24","0.94"
"184","2020-09-12","0.93"
"184","2020-09-23","0.93"
"1844","2020-09-24","0.95"
"185","2020-09-12","0.99"
"185","2020-09-23","0.99"
"186","2020-09-12","0.94"
"186","2020-09-23","0.94"
"1864","2020-09-24","0.98"
"1865","2020-09-24","0.94"
"1866","2020-09-24","0.98"
"1867","2020-09-24","0.91"
"1868","2020-09-24","0.94"
"1869","2020-09-24","0.98"
"187","2020-09-12","0.99"
"187","2020-09-23","0.99"
"1870","2020-09-24","0.94"
"1872","2020-09-24","0.91"
"1873","2020-09-24","0.95"
"1874","2020-09-24","0.93"
"1875","2020-09-24","0.99"
"1876","2020-09-24","0.9"
"1877","2020-09-24","0.95"
"1878","2020-09-24","0.93"
"1879","2020-09-24","0.97"
"188","2020-09-12","1.0"
"188","2020-09-23","1.0"
"1880","2020-09-24","0.98"
"1881","2020-09-24","0.97"
"1882","2020-09-24","0.97"
"1883","2020-09-24","0.91"
"1884","2020-09-24","0.95"
"1885","2020-09-24","0.96"
"1886","2020-09-24","0.96"
"1887","2020-09-24","0.96"
"1888","2020-09-24","0.97"
"189","2020-09-12","0.89"
"189","2020-09-23","0.89"
"1890","2020-09-24","0.98"
"1891","2020-09-24","0.99"
"1892","2020-09-24","0.97"
"1893","2020-09-24","0.96"
"1894","2020-09-24","0.96"
"1895","2020-09-24","0.99"
"1896","2020-09-24","0.89"
"1897","2020-09-24","0.95"
"1898","2020-09-24","0.99"
"1899","2020-09-24","1.0"
"19","2020-09-12","0.94"
"19","2020-09-23","0.94"
"1901","2020-09-24","0.94"
"1902","2020-09-24","0.98"
"1903","2020-09-24","1.0"
"1904","2020-09-24","0.95"
"1905","2020-09-24","0.99"
"1906","2020-09-24","0.96"
"1908","2020-09-24","0.85"
"1909","2020-09-24","0.97"
"191","2020-09-12","0.93"
"191","2020-09-23","0.93"
"1910","2020-09-24","0.98"
"1911","2020-09-24","0.99"
"1912","2020-09-24","0.95"
"1913","2020-09-24","1.0"
"1914","2020-09-24","0.97"
"1915","2020-09-24","0.97"
"1916","2020-09-24","0.99"
"1917","2020-09-24","0.9"
"1918","2020-09-24","0.94"
"1919","2020-09-24","1.0"
"192","2020-09-12","0.79"
"192","2020-09-23","0.79"
"1920","2020-09-24","0.93"
"1921","2020-09-24","0.94"
"1922","2020-09-24","0.99"
"1923","2020-09-24","0.95"
"1924","2020-09-24","0.95"
"1925","2020-09-24","0.99"
"1926","2020-09-24","0.99"
"1927","2020-09-24","1.0"
"1928","2020-09-24","0.94"
"1929","2020-09-24","0.97"
"193","2020-09-12","0.94"
"193","2020-09-23","0.94"
"1930","2020-09-24","1.0"
"1931","2020-09-24","0.94"
"1933","2020-09-24","0.99"
"1935","2020-09-24","0.95"
"1936","2020-09-24","0.95"
"1938","2020-09-24","0.98"
"1939","2020-09-24","1.0"
"194","2020-09-12","0.96"
"194","2020-09-23","0.96"
"1940","2020-09-24","0.98"
"1941","2020-09-24","1.0"
"1942","2020-09-24","1.0"
"1945","2020-09-24","0.92"
"1946","2020-09-24","0.96"
"1947","2020-09-24","0.98"
"1948","2020-09-24","0.93"
"1949","2020-09-24","0.98"
"195","2020-09-12","0.96"
"195","2020-09-23","0.96"
"1950","2020-09-24","0.95"
"1951","2020-09-24","0.97"
"1952","2020-09-24","0.98"
"1954","2020-09-24","0.88"
"1955","2020-09-24","0.94"
"1956","2020-09-24","0.9"
"1957","2020-09-24","0.95"
"1958","2020-09-24","0.98"
"1959","2020-09-24","0.99"
"196","2020-09-12","0.97"
"196","2020-09-23","0.97"
"1960","2020-09-24","0.94"
"1961","2020-09-24","0.98"
"1962","2020-09-24","0.97"
"1964","2020-09-24","0.8"
"1965","2020-09-24","0.97"
"1967","2020-09-24","0.95"
"1968","2020-09-24","0.95"
"1969","2020-09-24","0.9"
"197","2020-09-12","0.93"
"197","2020-09-23","0.93"
"1970","2020-09-24","0.99"
"1971","2020-09-24","0.95"
"1972","2020-09-24","0.95"
"1973","2020-09-24","0.96"
"1974","2020-09-24","0.95"
"1975","2020-09-24","0.95"
"1977","2020-09-24","0.92"
"1978","2020-09-24","0.93"
"1979","2020-09-24","1.0"
"198","2020-09-12","0.97"
"198","2020-09-23","0.97"
"1980","2020-09-24","0.97"
"1981","2020-09-24","0.95"
"1983","2020-09-24","0.94"
"1984","2020-09-24","0.98"
"1985","2020-09-24","0.84"
"1986","2020-09-24","0.98"
"1987","2020-09-24","0.99"
"1988","2020-09-24","0.95"
"1989","2020-09-24","0.93"
"199","2020-09-12","1.0"
"199","2020-09-23","1.0"
"1990","2020-09-24","0.98"
"1992","2020-09-24","0.99"
"1993","2020-09-24","0.98"
"1994","2020-09-24","0.97"
"1995","2020-09-24","0.95"
"1996","2020-09-24","0.94"
"1997","2020-09-24","0.9"
"1998","2020-09-24","0.96"
"1999","2020-09-24","0.95"
"2","2020-09-12","0.93"
"2","2020-09-23","0.93"
"20","2020-09-12","0.95"
"20","2020-09-23","0.95"
"200","2020-09-12","0.77"
"200","2020-09-23","0.77"
"2000","2020-09-24","0.98"
"2001","2020-09-24","0.96"
"2003","2020-09-24","1.0"
"2005","2020-09-24","0.96"
"2006","2020-09-24","0.94"
"201","2020-09-12","0.98"
"201","2020-09-23","0.98"
"2010","2020-09-24","0.99"
"2011","2020-09-24","1.0"
"2012","2020-09-24","0.89"
"2013","2020-09-24","0.93"
"2014","2020-09-24","0.99"
"2015","2020-09-24","0.97"
"2016","2020-09-24","0.99"
"2017","2020-09-24","0.97"
"2018","2020-09-24","0.94"
"202","2020-09-12","0.85"
"202","2020-09-23","0.85"
"2021","2020-09-24","0.99"
"2023","2020-09-24","0.9"
"2025","2020-09-24","0.94"
"2026","2020-09-24","0.95"
"2027","2020-09-24","0.95"
"2028","2020-09-24","0.97"
"2029","2020-09-24","0.92"
"203","2020-09-12","0.97"
"203","2020-09-23","0.97"
"2030","2020-09-24","0.94"
"2031","2020-09-24","0.91"
"2032","2020-09-24","0.97"
"2033","2020-09-24","1.0"
"2034","2020-09-24","0.99"
"2037","2020-09-24","0.93"
"2039","2020-09-24","0.98"
"204","2020-09-12","0.95"
"204","2020-09-23","0.95"
"2040","2020-09-24","0.99"
"2041","2020-09-24","0.95"
"2043","2020-09-24","0.94"
"2044","2020-09-24","0.95"
"2045","2020-09-24","0.9"
"2046","2020-09-24","0.94"
"2048","2020-09-24","0.97"
"2049","2020-09-24","0.94"
"205","2020-09-12","0.99"
"205","2020-09-23","0.99"
"2051","2020-09-24","0.96"
"2053","2020-09-24","0.98"
"2054","2020-09-24","0.97"
"2055","2020-09-24","1.0"
"2057","2020-09-24","0.9"
"2058","2020-09-24","0.97"
"2059","2020-09-24","0.93"
"206","2020-09-12","0.96"
"206","2020-09-23","0.96"
"2060","2020-09-24","0.75"
"2061","2020-09-24","0.9"
"2062","2020-09-24","1.0"
"2063","2020-09-24","0.91"
"2065","2020-09-24","0.97"
"2066","2020-09-24","0.95"
"2067","2020-09-24","0.92"
"2068","2020-09-24","0.95"
"2069","2020-09-24","0.97"
"207","2020-09-12","0.97"
"207","2020-09-23","0.97"
"2070","2020-09-24","0.96"
"2071","2020-09-24","1.0"
"2072","2020-09-24","0.93"
"2074","2020-09-24","0.96"
"2075","2020-09-24","0.94"
"2076","2020-09-24","0.94"
"2077","2020-09-24","0.94"
"2078","2020-09-24","0.99"
"2079","2020-09-24","0.91"
"208","2020-09-12","0.97"
"208","2020-09-23","0.97"
"2080","2020-09-24","0.92"
"2081","2020-09-24","0.97"
"2082","2020-09-24","0.94"
"2083","2020-09-24","0.99"
"2085","2020-09-24","0.97"
"2086","2020-09-24","0.98"
"2087","2020-09-24","0.97"
"2089","2020-09-24","0.93"
"2090","2020-09-24","0.95"
"2093","2020-09-24","0.97"
"2094","2020-09-24","0.99"
"2096","2020-09-24","1.0"
"2098","2020-09-24","0.96"
"2099","2020-09-24","0.99"
"21","2020-09-12","0.95"
"21","2020-09-23","0.95"
"210","2020-09-12","0.9"
"210","2020-09-23","0.9"
"2101","2020-09-24","1.0"
"2103","2020-09-24","1.0"
"2104","2020-09-24","0.99"
"2105","2020-09-24","0.99"
"2106","2020-09-24","0.96"
"2107","2020-09-24","0.94"
"2108","2020-09-24","0.94"
"2109","2020-09-24","0.97"
"211","2020-09-12","0.97"
"211","2020-09-23","0.97"
"2110","2020-09-24","0.98"
"2111","2020-09-24","0.95"
"2113","2020-09-24","1.0"
"2114","2020-09-24","0.97"
"2115","2020-09-24","1.0"
"2116","2020-09-24","0.96"
"2118","2020-09-24","0.98"
"212","2020-09-12","0.86"
"212","2020-09-23","0.86"
"2120","2020-09-24","0.96"
"2122","2020-09-24","0.86"
"2123","2020-09-24","0.98"
"2124","2020-09-24","0.98"
"2127","2020-09-24","0.98"
"2129","2020-09-24","0.96"
"213","2020-09-12","0.97"
"213","2020-09-23","0.97"
"2130","2020-09-24","1.0"
"2132","2020-09-23","0.99"
"2133","2020-09-24","0.99"
"2134","2020-09-24","0.97"
"2135","2020-09-24","0.82"
"2137","2020-09-24","0.96"
"2138","2020-09-24","1.0"
"2139","2020-09-24","1.0"
"214","2020-09-12","0.9"
"2141","2020-09-24","0.9"
"2142","2020-09-24","0.99"
"2143","2020-09-24","0.97"
"2144","2020-09-24","0.96"
"2145","2020-09-24","0.95"
"2148","2020-09-24","0.98"
"215","2020-09-12","0.93"
"2150","2020-09-24","0.93"
"2151","2020-09-24","0.97"
"2152","2020-09-24","0.94"
"2153","2020-09-24","0.96"
"2155","2020-09-24","0.95"
"2156","2020-09-24","0.93"
"2157","2020-09-24","0.99"
"216","2020-09-12","0.95"
"2161","2020-09-24","0.98"
"2162","2020-09-24","0.95"
"2163","2020-09-24","0.96"
"2164","2020-09-24","0.91"
"2168","2020-09-24","1.0"
"217","2020-09-12","0.96"
"2170","2020-09-24","0.92"
"2171","2020-09-24","0.93"
"2172","2020-09-24","0.96"
"2174","2020-09-24","0.97"
"2175","2020-09-24","0.95"
"2176","2020-09-24","0.83"
"2177","2020-09-24","0.97"
"2178","2020-09-24","0.97"
"2179","2020-09-24","0.97"
"2180","2020-09-24","0.98"
"2181","2020-09-24","0.94"
"2182","2020-09-24","0.97"
"2184","2020-09-24","0.99"
"2185","2020-09-24","0.97"
"2186","2020-09-24","0.94"
"219","2020-09-12","0.96"
"22","2020-09-12","1.0"
"22","2020-09-23","1.0"
"220","2020-09-12","0.97"
"221","2020-09-12","1.0"
"222","2020-09-12","0.95"
"2228","2020-09-24","0.65"
"223","2020-09-12","0.95"
"2230","2020-09-24","1.0"
"2231","2020-09-24","0.99"
"2232","2020-09-24","0.99"
"2233","2020-09-24","0.95"
"2234","2020-09-24","0.94"
"2235","2020-09-24","0.93"
"2236","2020-09-24","0.94"
"2237","2020-09-24","0.95"
"2238","2020-09-24","0.95"
"2239","2020-09-24","0.97"
"224","2020-09-12","0.98"
"2240","2020-09-24","0.98"
"2241","2020-09-24","0.98"
"2242","2020-09-24","0.97"
"2243","2020-09-24","0.95"
"2244","2020-09-24","0.99"
"2245","2020-09-24","0.96"
"2246","2020-09-24","1.0"
"2247","2020-09-24","0.97"
"2249","2020-09-24","0.72"
"225","2020-09-12","0.92"
"2250","2020-09-24","0.94"
"2251","2020-09-24","0.8"
"2252","2020-09-24","1.0"
"2253","2020-09-24","0.94"
"2254","2020-09-24","0.98"
"2255","2020-09-24","0.93"
"2256","2020-09-24","0.97"
"2257","2020-09-24","0.92"
"2258","2020-09-24","0.98"
"2259","2020-09-24","0.97"
"226","2020-09-12","0.91"
"2260","2020-09-24","0.78"
"2261","2020-09-24","0.99"
"2262","2020-09-24","0.99"
"2264","2020-09-24","0.92"
"2265","2020-09-24","0.98"
"2266","2020-09-24","1.0"
"2267","2020-09-24","0.94"
"2268","2020-09-24","0.97"
"2269","2020-09-24","0.94"
"2270","2020-09-24","0.96"
"2272","2020-09-24","0.93"
"2273","2020-09-24","1.0"
"2274","2020-09-24","0.91"
"2277","2020-09-24","0.84"
"2279","2020-09-24","0.95"
"228","2020-09-12","0.94"
"2280","2020-09-24","0.92"
"229","2020-09-12","0.96"
"23","2020-09-12","0.95"
"23","2020-09-23","0.95"
"230","2020-09-12","0.97"
"231","2020-09-12","0.97"
"2316","2020-09-24","0.92"
"2317","2020-09-24","0.97"
"2318","2020-09-24","1.0"
"2319","2020-09-24","0.99"
"232","2020-09-12","0.9"
"2320","2020-09-24","0.94"
"2322","2020-09-24","0.92"
"2323","2020-09-24","0.95"
"2324","2020-09-24","0.98"
"2325","2020-09-24","0.92"
"2326","2020-09-24","0.91"
"2327","2020-09-24","0.91"
"2329","2020-09-24","1.0"
"233","2020-09-12","0.95"
"2330","2020-09-24","0.95"
"2332","2020-09-24","0.98"
"2334","2020-09-24","0.92"
"2335","2020-09-24","0.98"
"2336","2020-09-24","0.99"
"2337","2020-09-24","0.96"
"2338","2020-09-24","0.98"
"2339","2020-09-24","0.99"
"234","2020-09-12","0.99"
"2340","2020-09-24","0.98"
"2341","2020-09-24","0.96"
"2342","2020-09-24","0.97"
"2343","2020-09-24","0.97"
"2344","2020-09-24","0.93"
"2345","2020-09-24","0.89"
"2346","2020-09-24","0.95"
"2347","2020-09-24","0.96"
"235","2020-09-12","0.94"
"2351","2020-09-24","0.92"
"2352","2020-09-24","0.97"
"2353","2020-09-24","0.68"
"2354","2020-09-24","0.99"
"2355","2020-09-24","1.0"
"2356","2020-09-24","0.9"
"2358","2020-09-24","0.97"
"2359","2020-09-24","0.97"
"236","2020-09-12","0.99"
"2360","2020-09-24","1.0"
"2361","2020-09-24","0.98"
"2362","2020-09-24","0.89"
"2363","2020-09-24","1.0"
"2364","2020-09-24","0.99"
"2365","2020-09-24","0.99"
"2366","2020-09-24","0.57"
"2367","2020-09-24","0.99"
"2368","2020-09-24","0.98"
"2369","2020-09-24","0.99"
"237","2020-09-12","0.97"
"2370","2020-09-24","0.96"
"2371","2020-09-24","0.94"
"2372","2020-09-24","0.93"
"2373","2020-09-24","0.98"
"2374","2020-09-24","0.98"
"2375","2020-09-24","0.93"
"2376","2020-09-24","0.99"
"2377","2020-09-24","0.99"
"2378","2020-09-24","0.93"
"238","2020-09-12","0.97"
"2380","2020-09-24","0.88"
"2381","2020-09-24","1.0"
"2382","2020-09-24","0.96"
"2383","2020-09-24","0.95"
"2384","2020-09-24","0.93"
"2385","2020-09-24","0.94"
"2386","2020-09-24","0.87"
"2387","2020-09-24","0.99"
"2388","2020-09-24","0.98"
"2389","2020-09-24","0.98"
"2390","2020-09-24","0.9"
"2391","2020-09-24","0.98"
"2392","2020-09-24","0.95"
"2393","2020-09-24","0.94"
"2394","2020-09-24","0.98"
"2395","2020-09-24","1.0"
"2396","2020-09-24","1.0"
"2397","2020-09-24","0.94"
"2398","2020-09-24","0.95"
"2399","2020-09-24","1.0"
"24","2020-09-12","0.97"
"24","2020-09-23","0.97"
"2400","2020-09-24","0.99"
"2402","2020-09-24","0.81"
"2403","2020-09-24","0.95"
"2404","2020-09-24","0.97"
"2405","2020-09-24","1.0"
"2406","2020-09-24","1.0"
"2407","2020-09-24","0.92"
"2408","2020-09-24","0.96"
"2409","2020-09-24","1.0"
"241","2020-09-12","0.93"
"2410","2020-09-24","1.0"
"2411","2020-09-24","1.0"
"2412","2020-09-24","0.99"
"2413","2020-09-24","0.9"
"2414","2020-09-24","0.94"
"2415","2020-09-24","0.95"
"2416","2020-09-24","0.97"
"2417","2020-09-24","0.9"
"2418","2020-09-24","0.96"
"2419","2020-09-24","0.91"
"242","2020-09-12","0.99"
"2420","2020-09-24","0.88"
"2421","2020-09-24","0.99"
"2422","2020-09-24","0.91"
"2424","2020-09-24","1.0"
"2425","2020-09-24","0.98"
"2426","2020-09-24","0.92"
"2427","2020-09-24","1.0"
"2428","2020-09-24","0.99"
"243","2020-09-12","0.97"
"2430","2020-09-24","0.96"
"2431","2020-09-24","0.97"
"2432","2020-09-24","0.96"
"2433","2020-09-24","0.99"
"2434","2020-09-24","1.0"
"2435","2020-09-24","0.98"
"2438","2020-09-24","1.0"
"2439","2020-09-24","0.95"
"244","2020-09-12","0.98"
"2440","2020-09-24","0.96"
"2441","2020-09-24","0.94"
"2442","2020-09-24","0.98"
"2443","2020-09-24","0.98"
"2444","2020-09-24","0.92"
"2446","2020-09-24","0.99"
"2447","2020-09-24","0.94"
"2448","2020-09-24","0.99"
"2449","2020-09-24","1.0"
"245","2020-09-12","1.0"
"2450","2020-09-24","0.99"
"2451","2020-09-24","0.94"
"2452","2020-09-24","0.98"
"2453","2020-09-24","0.94"
"2456","2020-09-24","0.94"
"2457","2020-09-24","0.98"
"2458","2020-09-24","1.0"
"2459","2020-09-24","0.95"
"246","2020-09-12","0.97"
"2460","2020-09-24","0.9"
"2461","2020-09-24","0.95"
"2462","2020-09-24","0.95"
"2463","2020-09-24","0.96"
"2464","2020-09-24","0.96"
"2465","2020-09-24","0.99"
"2466","2020-09-24","0.9"
"2467","2020-09-24","0.9"
"2468","2020-09-24","0.91"
"2469","2020-09-24","0.95"
"247","2020-09-12","1.0"
"2470","2020-09-24","0.95"
"2471","2020-09-24","0.98"
"2472","2020-09-24","0.89"
"2473","2020-09-24","0.95"
"2474","2020-09-24","0.86"
"2475","2020-09-24","0.99"
"2476","2020-09-24","0.98"
"2477","2020-09-24","0.98"
"2478","2020-09-24","0.94"
"2479","2020-09-24","0.96"
"248","2020-09-12","0.96"
"2480","2020-09-24","0.96"
"2481","2020-09-24","1.0"
"2482","2020-09-24","1.0"
"2483","2020-09-24","0.95"
"2484","2020-09-24","0.95"
"2485","2020-09-24","0.95"
"2486","2020-09-24","0.96"
"2487","2020-09-24","0.93"
"2488","2020-09-24","0.93"
"2489","2020-09-24","0.95"
"249","2020-09-12","0.95"
"2490","2020-09-24","0.99"
"2492","2020-09-24","0.97"
"2493","2020-09-24","0.98"
"2494","2020-09-24","1.0"
"2495","2020-09-24","0.93"
"2496","2020-09-24","0.93"
"2497","2020-09-24","0.94"
"2498","2020-09-24","0.98"
"2499","2020-09-24","0.81"
"25","2020-09-12","0.92"
"25","2020-09-23","0.92"
"250","2020-09-12","0.91"
"2500","2020-09-24","0.99"
"2501","2020-09-24","0.98"
"2503","2020-09-24","0.94"
"2504","2020-09-24","0.99"
"2506","2020-09-24","0.99"
"2507","2020-09-24","0.96"
"2508","2020-09-24","0.98"
"2509","2020-09-24","1.0"
"2510","2020-09-24","0.96"
"2511","2020-09-24","0.98"
"2512","2020-09-24","0.95"
"2513","2020-09-24","0.94"
"2514","2020-09-24","0.94"
"2515","2020-09-24","0.94"
"2516","2020-09-24","0.93"
"2517","2020-09-24","0.78"
"2518","2020-09-24","0.97"
"2519","2020-09-24","1.0"
"252","2020-09-12","0.93"
"2520","2020-09-24","0.78"
"2522","2020-09-24","0.95"
"2523","2020-09-24","0.95"
"2524","2020-09-24","0.98"
"2525","2020-09-24","0.98"
"2526","2020-09-24","1.0"
"2527","2020-09-24","1.0"
"2528","2020-09-24","0.99"
"2529","2020-09-24","0.92"
"253","2020-09-12","0.66"
"2530","2020-09-24","1.0"
"2531","2020-09-24","0.94"
"2532","2020-09-24","0.98"
"2533","2020-09-24","0.94"
"2534","2020-09-24","0.96"
"2536","2020-09-24","0.97"
"254","2020-09-12","0.93"
"255","2020-09-12","1.0"
"256","2020-09-12","0.87"
"257","2020-09-12","0.92"
"258","2020-09-12","0.93"
"259","2020-09-12","0.97"
"26","2020-09-12","0.92"
"26","2020-09-23","0.92"
"260","2020-09-12","0.84"
"2601","2020-09-24","0.93"
"2602","2020-09-24","0.96"
"2603","2020-09-24","0.93"
"2604","2020-09-24","0.96"
"2605","2020-09-24","0.96"
"2606","2020-09-24","0.95"
"2607","2020-09-24","0.98"
"2608","2020-09-24","1.0"
"2609","2020-09-24","0.91"
"261","2020-09-12","0.77"
"2611","2020-09-24","0.95"
"2612","2020-09-24","0.97"
"2613","2020-09-24","0.89"
"2614","2020-09-24","0.97"
"2615","2020-09-24","0.97"
"2616","2020-09-24","0.97"
"2617","2020-09-24","0.99"
"2618","2020-09-24","1.0"
"2619","2020-09-24","0.95"
"262","2020-09-12","0.87"
"2620","2020-09-24","0.94"
"2621","2020-09-24","0.9"
"2622","2020-09-24","0.96"
"2623","2020-09-24","0.94"
"2624","2020-09-24","0.96"
"2625","2020-09-24","0.97"
"2626","2020-09-24","0.97"
"2627","2020-09-24","0.96"
"2628","2020-09-24","0.97"
"2629","2020-09-24","0.92"
"263","2020-09-12","1.0"
"2630","2020-09-24","0.95"
"2631","2020-09-24","0.98"
"2632","2020-09-24","0.95"
"2633","2020-09-24","0.95"
"2634","2020-09-24","0.99"
"2636","2020-09-24","0.97"
"2637","2020-09-24","0.96"
"2638","2020-09-24","0.9"
"2639","2020-09-24","0.94"
"264","2020-09-12","0.92"
"2640","2020-09-24","0.94"
"2641","2020-09-24","0.95"
"2642","2020-09-24","0.89"
"2643","2020-09-24","0.95"
"2644","2020-09-24","0.95"
"2645","2020-09-24","0.97"
"2646","2020-09-24","0.97"
"2647","2020-09-24","0.94"
"2648","2020-09-24","0.97"
"2649","2020-09-24","0.89"
"265","2020-09-12","0.95"
"2650","2020-09-24","0.98"
"2652","2020-09-24","0.95"
"2653","2020-09-24","0.91"
"2654","2020-09-24","0.96"
"2656","2020-09-24","0.93"
"2657","2020-09-24","0.93"
"2659","2020-09-24","0.94"
"266","2020-09-12","0.95"
"2660","2020-09-24","0.98"
"2661","2020-09-24","1.0"
"2662","2020-09-24","0.62"
"2663","2020-09-24","0.96"
"2665","2020-09-24","0.94"
"2666","2020-09-24","0.95"
"2667","2020-09-24","0.95"
"2668","2020-09-24","0.99"
"2669","2020-09-24","0.97"
"267","2020-09-12","0.95"
"2670","2020-09-24","0.93"
"2671","2020-09-24","0.9"
"2672","2020-09-24","0.9"
"2673","2020-09-24","0.93"
"2674","2020-09-24","0.97"
"2677","2020-09-24","0.95"
"2678","2020-09-24","0.92"
"2679","2020-09-24","0.96"
"268","2020-09-12","0.97"
"2680","2020-09-24","0.94"
"2681","2020-09-24","0.92"
"2682","2020-09-24","0.96"
"2683","2020-09-24","0.96"
"2685","2020-09-24","0.9"
"2686","2020-09-24","0.93"
"2687","2020-09-24","0.97"
"2688","2020-09-24","0.94"
"2689","2020-09-24","1.0"
"269","2020-09-12","0.94"
"2690","2020-09-24","0.94"
"2691","2020-09-24","1.0"
"2692","2020-09-24","0.96"
"2693","2020-09-24","0.97"
"2694","2020-09-24","0.93"
"2695","2020-09-24","0.95"
"2697","2020-09-24","0.99"
"2698","2020-09-24","0.97"
"2699","2020-09-24","0.92"
"27","2020-09-12","0.97"
"27","2020-09-23","0.97"
"270","2020-09-12","0.92"
"2700","2020-09-24","0.86"
"2701","2020-09-24","0.95"
"2702","2020-09-24","0.96"
"2703","2020-09-24","0.96"
"2704","2020-09-24","0.95"
"2705","2020-09-24","0.87"
"2706","2020-09-24","0.96"
"2707","2020-09-24","1.0"
"2708","2020-09-24","0.98"
"2709","2020-09-24","0.92"
"271","2020-09-12","0.93"
"2710","2020-09-24","0.92"
"2711","2020-09-24","0.94"
"2712","2020-09-24","0.95"
"2713","2020-09-24","0.89"
"2714","2020-09-24","0.96"
"2715","2020-09-24","0.82"
"2716","2020-09-24","0.96"
"2718","2020-09-24","0.96"
"272","2020-09-12","0.94"
"2720","2020-09-24","0.92"
"2721","2020-09-24","0.89"
"2722","2020-09-24","0.97"
"2723","2020-09-24","0.98"
"2724","2020-09-24","1.0"
"2725","2020-09-24","0.91"
"2726","2020-09-24","0.93"
"2727","2020-09-24","0.84"
"2728","2020-09-24","0.98"
"2729","2020-09-24","0.96"
"273","2020-09-12","0.97"
"2730","2020-09-24","0.99"
"2731","2020-09-24","0.95"
"2732","2020-09-24","0.98"
"2733","2020-09-24","0.99"
"2734","2020-09-24","0.97"
"2735","2020-09-24","0.95"
"2736","2020-09-24","0.88"
"2737","2020-09-24","0.92"
"2739","2020-09-24","0.95"
"274","2020-09-12","0.88"
"2740","2020-09-24","0.95"
"275","2020-09-12","0.94"
"276","2020-09-12","0.94"
"277","2020-09-12","0.93"
"278","2020-09-12","0.96"
"2792","2020-09-24","0.93"
"28","2020-09-12","1.0"
"28","2020-09-23","1.0"
"280","2020-09-12","0.94"
"2819","2020-09-24","0.95"
"282","2020-09-12","0.96"
"2821","2020-09-24","0.98"
"2822","2020-09-24","0.97"
"2823","2020-09-24","0.97"
"2824","2020-09-24","0.89"
"2827","2020-09-24","0.95"
"283","2020-09-12","0.93"
"2835","2020-09-24","0.99"
"2836","2020-09-24","1.0"
"2837","2020-09-24","0.91"
"2838","2020-09-24","0.97"
"2839","2020-09-24","0.99"
"284","2020-09-12","0.95"
"2840","2020-09-24","0.95"
"2841","2020-09-24","0.94"
"2842","2020-09-24","0.99"
"2844","2020-09-24","0.98"
"2845","2020-09-24","0.97"
"2846","2020-09-24","0.99"
"2847","2020-09-24","0.61"
"2849","2020-09-24","0.96"
"285","2020-09-12","0.89"
"2850","2020-09-24","0.94"
"2851","2020-09-24","0.98"
"2853","2020-09-24","0.93"
"2854","2020-09-24","0.95"
"2855","2020-09-24","0.99"
"2856","2020-09-24","1.0"
"2857","2020-09-24","0.96"
"2858","2020-09-24","1.0"
"2859","2020-09-24","0.96"
"2862","2020-09-24","0.96"
"2863","2020-09-24","0.97"
"2865","2020-09-24","0.8"
"2866","2020-09-24","0.95"
"2867","2020-09-24","0.9"
"2868","2020-09-24","0.95"
"2869","2020-09-24","0.97"
"287","2020-09-12","0.94"
"2870","2020-09-24","0.99"
"2871","2020-09-24","0.9"
"2872","2020-09-24","0.9"
"2873","2020-09-24","0.92"
"2874","2020-09-24","0.98"
"2875","2020-09-24","0.98"
"2876","2020-09-24","0.99"
"2877","2020-09-24","1.0"
"2878","2020-09-24","0.95"
"2879","2020-09-24","0.94"
"288","2020-09-12","0.93"
"2880","2020-09-24","1.0"
"2881","2020-09-24","0.97"
"2882","2020-09-24","0.9"
"2883","2020-09-24","0.92"
"2884","2020-09-24","0.95"
"2885","2020-09-24","0.98"
"2888","2020-09-24","0.95"
"2889","2020-09-24","0.91"
"2890","2020-09-24","0.98"
"2891","2020-09-24","0.94"
"2892","2020-09-24","0.93"
"2893","2020-09-24","0.93"
"2894","2020-09-24","0.98"
"2895","2020-09-24","0.95"
"2896","2020-09-24","0.91"
"2898","2020-09-24","0.94"
"2899","2020-09-24","1.0"
"29","2020-09-12","0.98"
"29","2020-09-23","0.98"
"290","2020-09-12","0.91"
"2901","2020-09-24","0.94"
"2902","2020-09-24","0.92"
"2904","2020-09-24","0.96"
"2907","2020-09-24","0.91"
"2908","2020-09-24","0.96"
"2910","2020-09-24","0.93"
"292","2020-09-12","0.9"
"295","2020-09-12","0.96"
"296","2020-09-12","0.97"
"2973","2020-09-24","0.99"
"2975","2020-09-24","0.95"
"2978","2020-09-24","0.92"
"2981","2020-09-24","0.86"
"2985","2020-09-24","0.8"
"2987","2020-09-24","0.97"
"299","2020-09-12","1.0"
"2991","2020-09-24","0.95"
"3","2020-09-12","0.9"
"3","2020-09-23","0.9"
"300","2020-09-12","1.0"
"3003","2020-09-24","0.92"
"3005","2020-09-24","0.92"
"3006","2020-09-24","0.95"
"3007","2020-09-24","1.0"
"3009","2020-09-25","0.95"
"301","2020-09-12","1.0"
"3010","2020-09-25","0.98"
"3012","2020-09-25","0.99"
"3013","2020-09-25","0.97"
"3014","2020-09-25","0.94"
"3015","2020-09-25","0.94"
"3016","2020-09-25","0.95"
"3017","2020-09-25","0.95"
"3018","2020-09-25","1.0"
"3019","2020-09-25","0.81"
"302","2020-09-12","0.96"
"3020","2020-09-25","0.99"
"3021","2020-09-25","0.95"
"3022","2020-09-25","1.0"
"3024","2020-09-25","0.97"
"3026","2020-09-25","0.98"
"3027","2020-09-25","0.97"
"3028","2020-09-25","0.95"
"3029","2020-09-25","0.97"
"303","2020-09-12","0.98"
"3031","2020-09-25","0.98"
"3033","2020-09-25","0.98"
"3034","2020-09-25","0.98"
"3036","2020-09-25","0.95"
"3037","2020-09-25","0.97"
"3038","2020-09-25","0.95"
"3039","2020-09-25","1.0"
"304","2020-09-12","0.99"
"3041","2020-09-25","0.94"
"3042","2020-09-25","0.98"
"3043","2020-09-25","0.94"
"3044","2020-09-25","0.99"
"305","2020-09-12","0.97"
"3051","2020-09-25","0.99"
"3053","2020-09-25","0.98"
"3056","2020-09-25","0.99"
"3057","2020-09-25","0.97"
"3058","2020-09-25","0.98"
"3059","2020-09-25","0.89"
"306","2020-09-12","0.98"
"3060","2020-09-25","0.94"
"3061","2020-09-25","0.97"
"3062","2020-09-25","0.95"
"307","2020-09-12","0.97"
"309","2020-09-12","0.96"
"31","2020-09-12","0.98"
"31","2020-09-23","0.98"
"310","2020-09-12","0.94"
"311","2020-09-12","1.0"
"312","2020-09-12","0.91"
"314","2020-09-12","0.98"
"315","2020-09-12","0.97"
"316","2020-09-12","0.98"
"317","2020-09-12","0.95"
"318","2020-09-12","0.95"
"319","2020-09-12","0.97"
"32","2020-09-12","0.98"
"32","2020-09-23","0.98"
"320","2020-09-12","0.96"
"322","2020-09-12","0.97"
"323","2020-09-12","0.98"
"324","2020-09-12","0.94"
"326","2020-09-12","0.94"
"327","2020-09-12","0.97"
"329","2020-09-12","0.98"
"33","2020-09-12","0.94"
"33","2020-09-23","0.94"
"330","2020-09-12","0.98"
"331","2020-09-12","0.94"
"332","2020-09-12","0.96"
"333","2020-09-12","0.95"
"334","2020-09-12","0.95"
"335","2020-09-12","0.95"
"337","2020-09-12","0.97"
"338","2020-09-12","0.97"
"339","2020-09-12","0.95"
"340","2020-09-12","0.92"
"34014","2020-09-25","1.0"
"341","2020-09-12","1.0"
"342","2020-09-12","0.93"
"343","2020-09-12","0.98"
"34317","2020-09-20","0.99"
"345","2020-09-12","1.0"
"347","2020-09-12","0.98"
"348","2020-09-12","0.97"
"349","2020-09-12","0.98"
"35","2020-09-12","0.95"
"35","2020-09-23","0.95"
"350","2020-09-12","1.0"
"351","2020-09-12","0.87"
"352","2020-09-12","0.98"
"353","2020-09-12","0.89"
"354","2020-09-12","0.99"
"355","2020-09-12","0.98"
"356","2020-09-12","1.0"
"357","2020-09-12","0.94"
"358","2020-09-12","0.94"
"359","2020-09-12","0.97"
"36","2020-09-12","0.91"
"36","2020-09-23","0.91"
"360","2020-09-12","0.97"
"361","2020-09-12","1.0"
"362","2020-09-12","1.0"
"363","2020-09-12","1.0"
"364","2020-09-12","0.99"
"365","2020-09-12","0.99"
"366","2020-09-12","0.96"
"367","2020-09-12","1.0"
"368","2020-09-12","0.94"
"369","2020-09-12","0.98"
"37","2020-09-12","0.92"
"37","2020-09-23","0.92"
"371","2020-09-12","0.94"
"372","2020-09-12","1.0"
"373","2020-09-12","0.99"
"374","2020-09-12","0.91"
"376","2020-09-12","0.99"
"377","2020-09-12","0.98"
"379","2020-09-12","0.96"
"38","2020-09-12","0.96"
"38","2020-09-23","0.96"
"380","2020-09-12","0.97"
"381","2020-09-12","0.96"
"382","2020-09-12","0.99"
"38271","2020-09-23","0.98"
"383","2020-09-12","0.9"
"384","2020-09-12","0.99"
"386","2020-09-12","0.96"
"387","2020-09-12","1.0"
"388","2020-09-12","0.95"
"389","2020-09-12","0.99"
"39","2020-09-12","0.95"
"39","2020-09-23","0.95"
"390","2020-09-12","0.93"
"391","2020-09-12","0.97"
"392","2020-09-12","0.89"
"393","2020-09-12","1.0"
"394","2020-09-12","0.96"
"395","2020-09-12","0.99"
"397","2020-09-12","0.96"
"398","2020-09-12","0.96"
"399","2020-09-12","1.0"
"4","2020-09-12","0.94"
"4","2020-09-23","0.94"
"40","2020-09-12","0.95"
"40","2020-09-23","0.95"
"400","2020-09-12","0.99"
"401","2020-09-12","0.95"
"40121","2020-09-23","0.95"
"402","2020-09-12","0.97"
"403","2020-09-12","0.95"
"404","2020-09-12","1.0"
"405","2020-09-12","0.96"
"407","2020-09-12","0.96"
"408","2020-09-12","0.96"
"409","2020-09-12","0.96"
"41","2020-09-12","0.99"
"41","2020-09-23","0.99"
"410","2020-09-12","0.99"
"411","2020-09-12","0.98"
"412","2020-09-12","0.97"
"413","2020-09-12","0.96"
"414","2020-09-12","0.96"
"415","2020-09-12","0.99"
"416","2020-09-12","0.9"
"41629","2020-09-23","0.96"
"417","2020-09-12","1.0"
"419","2020-09-12","0.99"
"42","2020-09-12","0.99"
"42","2020-09-23","0.99"
"420","2020-09-12","0.94"
"421","2020-09-12","0.98"
"423","2020-09-12","0.97"
"424","2020-09-12","0.95"
"428","2020-09-12","0.95"
"42818","2020-09-23","0.93"
"43","2020-09-12","0.99"
"43","2020-09-23","0.99"
"430","2020-09-12","0.96"
"435","2020-09-12","0.95"
"436","2020-09-12","0.97"
"437","2020-09-12","0.98"
"439","2020-09-12","1.0"
"44","2020-09-12","0.96"
"44","2020-09-23","0.96"
"440","2020-09-12","0.97"
"441","2020-09-12","0.98"
"442","2020-09-12","0.91"
"443","2020-09-12","1.0"
"444","2020-09-12","0.99"
"445","2020-09-12","1.0"
"447","2020-09-12","0.94"
"45","2020-09-12","0.93"
"45","2020-09-23","0.93"
"450","2020-09-12","0.99"
"451","2020-09-12","0.92"
"453","2020-09-12","0.96"
"454","2020-09-12","0.98"
"455","2020-09-12","0.99"
"456","2020-09-12","0.95"
"457","2020-09-12","0.96"
"458","2020-09-12","0.98"
"459","2020-09-12","0.94"
"46","2020-09-12","0.96"
"46","2020-09-23","0.96"
"460","2020-09-12","0.98"
"461","2020-09-12","0.95"
"462","2020-09-12","0.98"
"463","2020-09-12","0.98"
"464","2020-09-12","0.99"
"467","2020-09-12","0.97"
"468","2020-09-12","0.98"
"469","2020-09-12","0.98"
"47","2020-09-12","0.97"
"47","2020-09-23","0.97"
"470","2020-09-12","0.98"
"471","2020-09-12","0.95"
"472","2020-09-12","0.96"
"473","2020-09-12","0.98"
"474","2020-09-12","0.93"
"477","2020-09-12","1.0"
"479","2020-09-12","0.97"
"48","2020-09-12","0.92"
"48","2020-09-23","0.92"
"480","2020-09-12","0.98"
"482","2020-09-12","0.97"
"483","2020-09-12","0.97"
"484","2020-09-12","0.93"
"485","2020-09-12","0.98"
"487","2020-09-12","0.99"
"488","2020-09-12","0.89"
"489","2020-09-12","0.93"
"49","2020-09-12","0.93"
"49","2020-09-23","0.93"
"491","2020-09-12","0.95"
"492","2020-09-12","0.94"
"493","2020-09-12","0.96"
"494","2020-09-12","0.98"
"495","2020-09-12","0.92"
"49502","2020-09-23","0.96"
"496","2020-09-12","0.98"
"498","2020-09-12","0.97"
"5","2020-09-12","1.0"
"5","2020-09-23","1.0"
"50","2020-09-12","0.97"
"50","2020-09-23","0.97"
"502","2020-09-12","0.62"
"504","2020-09-12","1.0"
"505","2020-09-12","0.93"
"506","2020-09-12","0.96"
"5069","2020-09-23","0.92"
"507","2020-09-12","0.94"
"508","2020-09-12","0.94"
"509","2020-09-12","0.99"
"51","2020-09-12","0.93"
"51","2020-09-23","0.93"
"510","2020-09-12","0.98"
"511","2020-09-12","0.92"
"512","2020-09-12","0.98"
"51225","2020-09-23","0.95"
"514","2020-09-12","0.93"
"515","2020-09-12","0.95"
"516","2020-09-12","0.97"
"517","2020-09-12","0.97"
"518","2020-09-12","0.96"
"519","2020-09-12","0.9"
"51977","2020-09-20","0.84"
"51977","2020-09-23","0.84"
"52","2020-09-12","1.0"
"52","2020-09-23","1.0"
"520","2020-09-12","0.87"
"521","2020-09-12","0.92"
"523","2020-09-12","0.73"
"524","2020-09-12","0.99"
"525","2020-09-12","0.98"
"526","2020-09-12","0.98"
"527","2020-09-12","1.0"
"528","2020-09-12","0.96"
"529","2020-09-12","0.97"
"53","2020-09-12","0.95"
"53","2020-09-23","0.95"
"530","2020-09-12","0.95"
"532","2020-09-12","1.0"
"533","2020-09-12","0.97"
"535","2020-09-12","0.99"
"536","2020-09-12","0.98"
"537","2020-09-12","1.0"
"538","2020-09-12","0.98"
"539","2020-09-12","0.71"
"54","2020-09-12","0.95"
"54","2020-09-23","0.95"
"540","2020-09-12","0.99"
"54174","2020-09-23","0.93"
"542","2020-09-12","0.85"
"543","2020-09-12","1.0"
"544","2020-09-12","0.97"
"545","2020-09-12","0.96"
"546","2020-09-12","0.99"
"547","2020-09-12","0.95"
"548","2020-09-12","0.93"
"549","2020-09-12","0.95"
"55","2020-09-12","0.97"
"55","2020-09-23","0.97"
"550","2020-09-12","0.99"
"551","2020-09-12","0.97"
"552","2020-09-12","0.95"
"553","2020-09-12","0.85"
"554","2020-09-12","0.98"
"55469","2020-09-23","0.83"
"55493","2020-09-23","0.98"
"555","2020-09-12","0.97"
"556","2020-09-12","0.91"
"557","2020-09-12","0.91"
"558","2020-09-12","0.99"
"559","2020-09-12","0.92"
"56","2020-09-12","0.98"
"56","2020-09-23","0.98"
"560","2020-09-12","0.98"
"562","2020-09-12","0.98"
"563","2020-09-12","1.0"
"564","2020-09-12","0.91"
"565","2020-09-12","0.99"
"567","2020-09-12","0.97"
"568","2020-09-12","0.97"
"57","2020-09-12","0.99"
"57","2020-09-23","0.99"
"570","2020-09-12","0.99"
"573","2020-09-12","0.94"
"574","2020-09-12","0.98"
"575","2020-09-12","0.97"
"577","2020-09-12","1.0"
"577","2020-09-23","1.0"
"578","2020-09-12","0.95"
"579","2020-09-12","0.95"
"580","2020-09-12","0.99"
"581","2020-09-12","0.95"
"583","2020-09-12","0.96"
"584","2020-09-12","0.98"
"585","2020-09-12","1.0"
"586","2020-09-12","0.97"
"587","2020-09-12","0.97"
"588","2020-09-12","0.98"
"589","2020-09-12","0.96"
"590","2020-09-12","0.97"
"591","2020-09-12","1.0"
"6","2020-09-12","0.95"
"6","2020-09-23","0.95"
"60","2020-09-12","0.98"
"60","2020-09-23","0.98"
"60281","2020-09-20","1.0"
"60281","2020-09-23","1.0"
"61","2020-09-12","0.94"
"61","2020-09-23","0.94"
"619","2020-09-12","0.94"
"62","2020-09-12","0.88"
"62","2020-09-23","0.88"
"620","2020-09-12","0.95"
"622","2020-09-12","0.97"
"62323","2020-09-23","0.97"
"624","2020-09-12","0.96"
"625","2020-09-12","0.9"
"626","2020-09-12","0.96"
"629","2020-09-12","0.95"
"63","2020-09-12","0.6"
"63","2020-09-23","0.6"
"630","2020-09-12","0.99"
"631","2020-09-12","0.95"
"632","2020-09-12","0.99"
"633","2020-09-12","0.89"
"634","2020-09-12","0.91"
"635","2020-09-12","0.96"
"636","2020-09-12","0.93"
"637","2020-09-12","0.95"
"638","2020-09-12","1.0"
"639","2020-09-12","1.0"
"64","2020-09-12","0.91"
"64","2020-09-23","0.91"
"640","2020-09-12","0.99"
"641","2020-09-12","0.96"
"642","2020-09-12","1.0"
"643","2020-09-12","0.99"
"644","2020-09-12","0.94"
"645","2020-09-12","0.93"
"646","2020-09-12","0.96"
"648","2020-09-12","0.91"
"649","2020-09-12","0.93"
"65","2020-09-12","0.92"
"65","2020-09-23","0.92"
"650","2020-09-12","0.75"
"651","2020-09-12","0.68"
"652","2020-09-12","0.78"
"653","2020-09-12","0.98"
"654","2020-09-12","0.91"
"655","2020-09-12","0.91"
"657","2020-09-12","1.0"
"658","2020-09-12","0.92"
"659","2020-09-12","0.93"
"66","2020-09-12","0.96"
"66","2020-09-23","0.96"
"660","2020-09-12","0.98"
"661","2020-09-12","0.9"
"662","2020-09-12","0.92"
"663","2020-09-12","0.95"
"66324","2020-09-23","0.99"
"66339","2020-09-23","0.89"
"664","2020-09-12","1.0"
"665","2020-09-12","0.93"
"666","2020-09-12","0.96"
"667","2020-09-12","0.95"
"668","2020-09-12","0.95"
"669","2020-09-12","0.97"
"67","2020-09-12","1.0"
"67","2020-09-23","1.0"
"670","2020-09-12","0.98"
"671","2020-09-12","0.99"
"672","2020-09-12","0.96"
"673","2020-09-12","0.94"
"674","2020-09-12","0.97"
"675","2020-09-12","0.96"
"676","2020-09-12","0.94"
"677","2020-09-12","0.89"
"678","2020-09-12","0.9"
"679","2020-09-12","0.94"
"68","2020-09-12","1.0"
"68","2020-09-23","1.0"
"680","2020-09-12","0.94"
"681","2020-09-12","0.92"
"682","2020-09-12","0.95"
"683","2020-09-12","0.94"
"684","2020-09-12","0.95"
"685","2020-09-12","0.94"
"686","2020-09-12","0.97"
"687","2020-09-12","0.92"
"688","2020-09-12","0.93"
"689","2020-09-12","0.91"
"69","2020-09-12","0.98"
"69","2020-09-23","0.98"
"690","2020-09-12","0.97"
"691","2020-09-12","0.95"
"692","2020-09-12","0.94"
"693","2020-09-12","0.93"
"694","2020-09-12","0.99"
"7","2020-09-12","0.92"
"7","2020-09-23","0.92"
"70","2020-09-12","0.99"
"70","2020-09-23","0.99"
"702","2020-09-23","0.95"
"704","2020-09-23","0.91"
"705","2020-09-23","0.99"
"706","2020-09-23","0.93"
"707","2020-09-23","0.92"
"708","2020-09-23","0.98"
"709","2020-09-23","0.96"
"710","2020-09-23","0.99"
"711","2020-09-23","0.95"
"712","2020-09-23","0.94"
"713","2020-09-23","0.99"
"714","2020-09-23","0.91"
"715","2020-09-23","0.97"
"716","2020-09-23","0.96"
"717","2020-09-23","0.95"
"718","2020-09-23","0.93"
"719","2020-09-23","0.95"
"72","2020-09-12","0.87"
"72","2020-09-23","0.87"
"720","2020-09-23","0.96"
"721","2020-09-23","0.98"
"722","2020-09-23","0.89"
"723","2020-09-23","0.97"
"724","2020-09-23","0.95"
"725","2020-09-23","0.96"
"726","2020-09-23","0.93"
"727","2020-09-23","0.94"
"728","2020-09-23","0.93"
"729","2020-09-23","0.97"
"730","2020-09-23","0.96"
"732","2020-09-23","0.96"
"733","2020-09-23","0.9"
"734","2020-09-23","0.94"
"735","2020-09-23","0.94"
"73564","2020-09-20","1.0"
"73564","2020-09-23","1.0"
"736","2020-09-23","0.92"
"737","2020-09-23","0.95"
"738","2020-09-23","0.96"
"739","2020-09-23","0.97"
"740","2020-09-23","0.98"
"741","2020-09-23","0.98"
"742","2020-09-23","0.93"
"743","2020-09-23","0.95"
"744","2020-09-23","0.98"
"745","2020-09-23","0.96"
"746","2020-09-23","0.95"
"747","2020-09-23","0.96"
"75","2020-09-12","0.99"
"75","2020-09-23","0.99"
"750","2020-09-23","0.96"
"751","2020-09-23","0.6"
"752","2020-09-23","0.99"
"753","2020-09-23","0.95"
"754","2020-09-23","0.97"
"756","2020-09-23","0.98"
"759","2020-09-23","0.99"
"76","2020-09-12","0.95"
"76","2020-09-23","0.95"
"760","2020-09-23","0.97"
"761","2020-09-23","0.96"
"762","2020-09-23","0.87"
"764","2020-09-23","0.93"
"765","2020-09-23","0.78"
"766","2020-09-23","1.0"
"767","2020-09-23","0.94"
"768","2020-09-23","0.92"
"769","2020-09-23","0.93"
"77","2020-09-12","0.95"
"77","2020-09-23","0.95"
"770","2020-09-23","0.99"
"771","2020-09-23","0.97"
"772","2020-09-23","0.93"
"773","2020-09-23","1.0"
"774","2020-09-23","0.91"
"775","2020-09-23","0.98"
"776","2020-09-23","0.95"
"777","2020-09-23","0.95"
"778","2020-09-23","0.95"
"779","2020-09-23","0.93"
"78","2020-09-12","1.0"
"78","2020-09-23","1.0"
"780","2020-09-23","1.0"
"781","2020-09-23","1.0"
"782","2020-09-23","0.96"
"783","2020-09-23","0.95"
"784","2020-09-23","0.98"
"785","2020-09-23","0.93"
"786","2020-09-23","0.93"
"787","2020-09-23","0.97"
"789","2020-09-23","1.0"
"790","2020-09-23","0.85"
"791","2020-09-23","1.0"
"792","2020-09-23","0.98"
"793","2020-09-23","0.91"
"794","2020-09-23","0.95"
"796","2020-09-23","0.97"
"798","2020-09-23","0.51"
"79997","2020-09-23","0.8"
"8","2020-09-12","0.79"
"8","2020-09-23","0.79"
"80","2020-09-12","0.95"
"80","2020-09-23","0.95"
"800","2020-09-23","0.93"
"802","2020-09-23","1.0"
"803","2020-09-23","0.97"
"804","2020-09-23","0.91"
"805","2020-09-23","0.96"
"806","2020-09-23","0.96"
"807","2020-09-23","0.91"
"808","2020-09-23","0.95"
"809","2020-09-23","0.97"
"81","2020-09-12","1.0"
"81","2020-09-23","1.0"
"810","2020-09-23","0.9"
"811","2020-09-23","0.96"
"812","2020-09-23","0.98"
"813","2020-09-23","1.0"
"814","2020-09-23","0.97"
"816","2020-09-23","0.97"
"817","2020-09-23","0.95"
"818","2020-09-23","0.98"
"820","2020-09-23","0.99"
"821","2020-09-23","0.95"
"822","2020-09-23","0.97"
"823","2020-09-23","0.99"
"824","2020-09-23","0.96"
"826","2020-09-23","0.95"
"827","2020-09-23","0.92"
"828","2020-09-23","0.99"
"829","2020-09-23","0.91"
"83","2020-09-12","0.96"
"83","2020-09-23","0.96"
"830","2020-09-23","0.76"
"832","2020-09-23","0.99"
"833","2020-09-23","0.9"
"834","2020-09-23","0.98"
"835","2020-09-23","0.91"
"837","2020-09-23","0.9"
"838","2020-09-23","0.96"
"839","2020-09-23","0.98"
"84","2020-09-12","0.59"
"84","2020-09-23","0.59"
"840","2020-09-23","1.0"
"841","2020-09-23","0.96"
"842","2020-09-23","0.94"
"843","2020-09-23","0.94"
"844","2020-09-23","0.96"
"845","2020-09-23","0.98"
"847","2020-09-23","0.98"
"848","2020-09-23","0.98"
"849","2020-09-23","0.97"
"85","2020-09-12","0.98"
"85","2020-09-23","0.98"
"850","2020-09-23","0.93"
"851","2020-09-23","0.93"
"852","2020-09-23","0.97"
"853","2020-09-23","1.0"
"854","2020-09-23","0.85"
"855","2020-09-23","0.94"
"856","2020-09-23","0.95"
"857","2020-09-23","0.93"
"858","2020-09-23","0.97"
"859","2020-09-23","0.94"
"860","2020-09-23","1.0"
"861","2020-09-23","0.92"
"863","2020-09-23","0.98"
"865","2020-09-23","0.98"
"866","2020-09-23","0.92"
"867","2020-09-23","0.96"
"868","2020-09-23","0.98"
"869","2020-09-23","0.97"
"87","2020-09-12","1.0"
"87","2020-09-23","1.0"
"870","2020-09-23","0.96"
"871","2020-09-23","1.0"
"872","2020-09-23","0.99"
"873","2020-09-23","0.95"
"874","2020-09-23","0.72"
"875","2020-09-23","0.91"
"876","2020-09-23","0.94"
"877","2020-09-23","0.98"
"878","2020-09-23","1.0"
"879","2020-09-23","0.96"
"881","2020-09-23","0.88"
"882","2020-09-23","0.95"
"883","2020-09-23","1.0"
"884","2020-09-23","0.86"
"885","2020-09-23","0.97"
"886","2020-09-23","0.91"
"887","2020-09-23","0.99"
"888","2020-09-23","0.95"
"889","2020-09-23","0.85"
"89","2020-09-12","0.93"
"89","2020-09-23","0.93"
"890","2020-09-23","0.95"
"891","2020-09-23","0.92"
"892","2020-09-23","0.76"
"893","2020-09-23","0.98"
"894","2020-09-23","0.94"
"895","2020-09-23","0.98"
"896","2020-09-23","0.96"
"897","2020-09-23","0.99"
"898","2020-09-23","0.96"
"899","2020-09-23","0.96"
"9","2020-09-12","0.94"
"9","2020-09-23","0.94"
"90","2020-09-12","0.97"
"90","2020-09-23","0.97"
"900","2020-09-23","0.91"
"901","2020-09-23","0.97"
"903","2020-09-23","0.99"
"904","2020-09-23","0.91"
"905","2020-09-23","0.95"
"906","2020-09-23","0.98"
"907","2020-09-23","0.99"
"909","2020-09-24","0.91"
"91","2020-09-12","0.96"
"91","2020-09-23","0.96"
"910","2020-09-24","0.95"
"911","2020-09-24","0.95"
"913","2020-09-24","0.94"
"914","2020-09-24","0.93"
"915","2020-09-24","0.95"
"916","2020-09-24","0.99"
"917","2020-09-24","0.95"
"918","2020-09-24","0.95"
"92","2020-09-12","1.0"
"92","2020-09-23","1.0"
"920","2020-09-24","0.9"
"921","2020-09-24","0.89"
"922","2020-09-24","0.94"
"923","2020-09-24","0.92"
"924","2020-09-24","1.0"
"925","2020-09-24","0.96"
"926","2020-09-24","0.95"
"927","2020-09-24","0.93"
"928","2020-09-24","1.0"
"929","2020-09-24","0.74"
"93","2020-09-12","0.95"
"93","2020-09-23","0.95"
"930","2020-09-24","0.93"
"931","2020-09-24","0.89"
"932","2020-09-24","0.98"
"933","2020-09-24","0.99"
"934","2020-09-24","1.0"
"935","2020-09-24","0.95"
"937","2020-09-24","1.0"
"938","2020-09-24","0.92"
"939","2020-09-24","0.97"
"94","2020-09-12","0.93"
"94","2020-09-23","0.93"
"940","2020-09-24","0.95"
"941","2020-09-24","0.94"
"942","2020-09-24","1.0"
"943","2020-09-24","0.98"
"944","2020-09-24","0.96"
"945","2020-09-24","0.95"
"946","2020-09-24","0.94"
"948","2020-09-24","0.97"
"949","2020-09-24","0.97"
"95","2020-09-12","0.96"
"95","2020-09-23","0.96"
"950","2020-09-24","0.93"
"951","2020-09-24","1.0"
"952","2020-09-24","0.94"
"953","2020-09-24","0.99"
"954","2020-09-24","0.85"
"955","2020-09-24","0.95"
"956","2020-09-24","1.0"
"957","2020-09-24","0.71"
"958","2020-09-24","0.98"
"959","2020-09-24","0.97"
"96","2020-09-12","0.94"
"96","2020-09-23","0.94"
"961","2020-09-24","1.0"
"962","2020-09-24","0.98"
"963","2020-09-24","0.92"
"964","2020-09-24","1.0"
"965","2020-09-24","0.92"
"966","2020-09-24","0.97"
"969","2020-09-24","0.95"
"97","2020-09-12","0.93"
"97","2020-09-23","0.93"
"970","2020-09-24","0.98"
"971","2020-09-24","0.87"
"972","2020-09-24","0.97"
"973","2020-09-24","0.98"
"974","2020-09-24","1.0"
"975","2020-09-24","1.0"
"976","2020-09-24","0.99"
"978","2020-09-24","1.0"
"979","2020-09-24","0.98"
"98","2020-09-12","1.0"
"98","2020-09-23","1.0"
"980","2020-09-24","0.97"
"981","2020-09-24","0.99"
"982","2020-09-24","0.95"
"983","2020-09-24","0.96"
"984","2020-09-24","0.95"
"985","2020-09-24","1.0"
"987","2020-09-24","0.9"
"988","2020-09-24","1.0"
"989","2020-09-24","1.0"
"990","2020-09-24","0.97"
"991","2020-09-24","0.98"
"992","2020-09-24","0.98"
"993","2020-09-24","0.93"
"994","2020-09-24","0.96"
"995","2020-09-24","1.0"
"996","2020-09-24","0.95"
"997","2020-09-24","0.98"
"998","2020-09-24","0.98"
"999","2020-09-24","0.82"
